,0
allentownbethlehemeaston_pa,118032.0
albuquerque_nm,545852.0
adak_island_ak,326.0
kodiak_ak,6130.0
augusta_ga,
king_salmon_ak,938.0
albany_ny,97856.0
amarillo_tx,190695.0
anchorage_ak,291826.0
atlanta_ga,420003.0
appleton_wi,72623.0
austin_tx,790390.0
scrantonwilkes-barre_pa,76089.0
kalamazoo_mi,74262.0
hartford_ct,124775.0
bethel_ak,6080.0
seattle_wa,608660.0
bangor_me,33039.0
birmingham_al,212237.0
billings_mt,104170.0
bismarckmandan_nd,61272.0
bellingham_wa,80885.0
nashville_tn,601222.0
boise_id,205671.0
boston_ma,617594.0
butte_mt,33525.0
baton_rouge_la,229493.0
burlington_vt,42417.0
buffalo_ny,261310.0
burbank_ca,103340.0
baltimore_md,620961.0
columbia_sc,129272.0
akron_oh,199110.0
cold_bay_ak,108.0
manchester_nh,109565.0
miami_fl,399457.0
milwaukee_wi,594833.0
melbourne_fl,76068.0
moline_il,43483.0
mobile_al,195111.0
minot_nd,40888.0
madison_wi,233209.0
minneapolis_mn,382578.0
new_orleans_la,343829.0
moses_lake_wa,20366.0
pensacola_fl,51923.0
oakland_ca,390724.0
kahului_hi,26337.0
oklahoma_city_ok,579999.0
omaha_ne,408958.0
ontario_ca,163924.0
chicago_il,2695598.0
norfolk_va,242803.0
oshkosh_wi,66083.0
west_palm_beachpalm_beach_fl,103190.0
portland_or,583776.0
philadelphia_pa,1526006.0
phoenix_az,1445632.0
peoria_il,115007.0
pittsburgh_pa,305704.0
palm_springs_ca,152750.0
port_heiden_ak,102.0
pullman_wa,29799.0
chattanooga_tn,167674.0
charleston_sc,120083.0
cedar_rapidsiowa_city_ia,126326.0
cleveland_oh,396815.0
charlotte_nc,731424.0
columbus_oh,787033.0
champaignurbana_il,81055.0
colorado_springs_co,416427.0
casper_wy,55316.0
corpus_christi_tx,305215.0
charlestondunbar_wv,51400.0
cincinnati_oh,296943.0
daytona_beach_fl,61005.0
dayton_oh,
washington_dc,601723.0
denver_co,600158.0
detroit_mi,713777.0
dallasfort_worth_tx,1197816.0
des_moines_ia,203433.0
eagle_co,10266.0
el_paso_tx,649121.0
eugene_or,156185.0
newark_nj,277140.0
fresno_ca,494665.0
fort_lauderdale_fl,165521.0
sioux_falls_sd,153888.0
fort_wayne_in,253691.0
galena_ak,470.0
grand_canyon_az,48571.0
spokane_wa,208916.0
grand_junction_co,58566.0
grand_rapids_mi,188040.0
greensborohigh_point_nc,269666.0
greer_sc,25515.0
great_falls_mt,58505.0
honolulu_hi,47698.0
aguadilla_pr,13310.0
charlottesville_va,43475.0
los_angeles_ca,3792621.0
lafayette_la,120623.0
new_york_ny,8175133.0
little_rock_ar,193524.0
lincoln_ne,258379.0
saginawbay_citymidland_mi,713777.0
kansas_city_mo,459787.0
orlando_fl,238300.0
harrisburg_pa,49528.0
memphis_tn,646889.0
missionmcallenedinburg_tx,129877.0
monterey_ca,150441.0
providence_ri,178042.0
portland_me,66194.0
rapid_city_sd,67956.0
raleighdurham_nc,403892.0
richmond_va,204214.0
reno_nv,225221.0
roanoke_va,97032.0
rochester_ny,210565.0
fort_myers_fl,165521.0
san_diego_ca,1307402.0
san_antonio_tx,1327407.0
savannah_ga,136286.0
santa_barbara_ca,945942.0
louisville_ky,597337.0
san_francisco_ca,1307402.0
springfield_mo,159498.0
shreveport_la,199311.0
san_jose_ca,1307402.0
san_juan_pr,381931.0
salt_lake_city_ut,186440.0
sacramento_ca,466488.0
santa_ana_ca,945942.0
sarasotabradenton_fl,57357.0
st_louis_mo,319294.0
charlotte_amalie_vi,
christiansted_vi,
sioux_city_ia,82684.0
syracuse_ny,145170.0
tallahassee_fl,181376.0
toledo_oh,287208.0
tampa_fl,335709.0
tulsa_ok,391906.0
tucson_az,520116.0
knoxville_tn,178874.0
yakima_wa,91067.0
sandpoint_ak,
twin_falls_id,56813.0
unalakleet_ak,688.0
youngstownwarren_oh,66982.0
aniak_ak,501.0
las_vegas_nv,583756.0
la_crosse_wi,51320.0
mcgrath_ak,346.0
medford_or,74907.0
fort_dix_nj,35345.0
bozeman_mt,37280.0
kenai_ak,7850.0
guam_tt,
houston_tx,2099451.0
white_plains_ny,56853.0
harlingensan_benito_tx,1327407.0
huntsville_al,180105.0
wichita_ks,382368.0
indianapolis_in,820445.0
islip_ny,34450.0
hilo_hi,43263.0
jackson_wy,9577.0
jacksonville_fl,821784.0
johnston_island_tt,
kona_hi,
lansing_mi,114297.0
lubbock_tx,229573.0
long_beach_ca,462257.0
lihue_hi,
midlandodessa_tx,111147.0
fairbanks_ak,
fayetteville_nc,200564.0
juneau_ak,31275.0
cheyenne_wy,59466.0
dillingham_ak,2329.0
duluth_mn,86265.0
south_bend_in,101168.0
missoula_mt,66788.0
pueblo_co,106595.0
rockford_il,152871.0
arcataeureka_ca,27191.0
scottsbluff_ne,15039.0
beaumontport_arthur_tx,118296.0
dallas_tx,1197816.0
evansville_in,117429.0
flint_mi,102434.0
green_bay_wi,104057.0
ithacacortland_ny,30014.0
mosinee_wi,3988.0
unalaska_ak,4376.0
kalispell_mt,19927.0
idaho_falls_id,56813.0
st_marys_ak,31535.0
lexington_ky,295803.0
columbus_ga,189885.0
riverside_ca,303871.0
fairfield_ca,105321.0
springfield_il,116250.0
bristoljohnson_citykingsport_tn,63152.0
wichita_falls_tx,104553.0
uticarome_ny,62235.0
yuma_az,93064.0
petersburg_ak,2948.0
helena_mt,28190.0
new_haven_ct,129779.0
bendredmond_or,76639.0
asheville_nc,83393.0
columbia_mo,108500.0
elko_nv,18297.0
durango_co,16887.0
flagstaff_az,65870.0
panama_city_fl,36484.0
pocatello_id,54255.0
pascokennewickrichland_wa,73917.0
koror_tt,
sanford_fl,53570.0
saipan_tt,
rota_tt,
rochester_mn,106769.0
st_paul_ak,31535.0
decatur_il,76122.0
eek_ak,296.0
goodyear_az,65275.0
terre_haute_in,60785.0
ogden_ut,82825.0
sumter_sc,40524.0
sun_valleyhaileyketchum_id,7960.0
tinian_tt,
tuluksak_ak,373.0
waterloo_ia,68406.0
burlington_ia,25663.0
akiak_ak,346.0
bakersfield_ca,347483.0
kongiganak_ak,439.0
akiachak_ak,627.0
kwigillingok_ak,321.0
quinhagak_ak,669.0
lafayette_in,67140.0
muskegon_mi,38401.0
dubuque_ia,57637.0
napaskiak_ak,405.0
montgomery_al,205764.0
traverse_city_mi,14674.0
napakiak_ak,354.0
everett_wa,103019.0
dover_de,36047.0
jacksonvicksburg_ms,173514.0
kwethluk_ak,721.0
binghamton_ny,47376.0
north_bendcoos_bay_or,76639.0
greenville_nc,84554.0
elmiracorning_ny,29200.0
new_bedfordfall_river_ma,95072.0
grand_forks_nd,52838.0
lynchburg_va,75568.0
jacksonvillecamp_lejeune_nc,70145.0
santa_maria_ca,945942.0
newburghpoughkeepsie_ny,32736.0
worcester_ma,181045.0
newport_newswilliamsburg_va,180719.0
santa_rosa_ca,945942.0
new_bernmoreheadbeaufort_nc,106476.0
fargo_nd,105549.0
fayetteville_ar,73580.0
kinston_nc,21677.0
ashland_wv,
redding_ca,89861.0
hoolehua_hi,
modesto_ca,201165.0
myrtle_beach_sc,27109.0
oxnardventura_ca,197899.0
wilmington_nc,106476.0
merced_ca,78958.0
staunton_va,23746.0
stockton_ca,291707.0
wenatchee_wa,31925.0
pendleton_or,16612.0
sitka_ak,8881.0
salem_or,154637.0
valdez_ak,3976.0
san_luis_obispo_ca,1307402.0
anvik_ak,85.0
gustavus_ak,442.0
tuntutuliak_ak,408.0
walla_walla_wa,31731.0
klamath_falls_or,20840.0
gainesville_fl,124354.0
erie_pa,101786.0
lewiston_id,31894.0
yakutat_ak,662.0
valparaiso_fl,5036.0
monroe_la,48815.0
key_west_fl,99919.0
hayden_co,1810.0
salina_ks,47707.0
lanai_hi,
cordova_ak,3976.0
gulfportbiloxi_ms,67793.0
wrangell_ak,2948.0
atlantic_city_nj,39558.0
gunnison_co,5854.0
bloomingtonnormal_il,76610.0
topeka_ks,127473.0
joplin_mo,50150.0
fort_leonard_wood_mo,15061.0
holy_cross_ak,178.0
camp_springs_md,19096.0
fort_smith_ar,86209.0
kapalua_hi,
port_angeles_wa,19038.0
ambler_ak,258.0
state_college_pa,49528.0
crescent_city_ca,7643.0
paducah_ky,25024.0
amchitka_island_ak,
marquette_mi,21355.0
aspen_co,6658.0
lewisburg_wv,3830.0
ketchikan_ak,8050.0
kotzebue_ak,3201.0
shemya_ak,
nome_ak,3598.0
quincy_il,40633.0
columbus_ms,23640.0
deadhorse_ak,
cape_girardeau_mo,37941.0
bellaire_mi,1086.0
trenton_nj,84913.0
st_petersburg_fl,244769.0
ely_nv,4255.0
roswell_nm,48366.0
ponce_pr,132502.0
barrow_ak,4212.0
gillette_wy,29087.0
hagerstown_md,39662.0
lake_tahoe_ca,21403.0
aberdeen_sd,26091.0
liberal_ks,20525.0
palmdale_ca,152750.0
international_falls_mn,13138.0
grand_island_ne,48520.0
north_platte_ne,24733.0
fort_dodge_ia,25206.0
marionherrin_il,17193.0
brainerd_mn,13590.0
beaufort_sc,37099.0
waco_tx,124805.0
eau_claire_wi,65883.0
mason_city_ia,28079.0
whidbey_island_wa,
concord_ca,122067.0
cherry_point_nc,104371.0
port_hueneme_ca,21723.0
chico_ca,86187.0
pago_pago_tt,
mayaguez_pr,70463.0
minto_ak,210.0
atmautluak_ak,277.0
buckland_ak,416.0
chuathbaluk_ak,118.0
chefornak_ak,418.0
deering_ak,122.0
emmonak_ak,762.0
golovin_ak,156.0
goodnews_bay_ak,243.0
hooper_bay_ak,1093.0
grayling_ak,194.0
kalskag_ak,282.0
kotlik_ak,577.0
kipnuk_ak,639.0
brevig_mission_ak,388.0
kivalina_ak,374.0
marshall_ak,414.0
mountain_village_ak,813.0
mekoryuk_ak,191.0
nightmute_ak,280.0
kobuk_ak,151.0
noorvik_ak,668.0
platinum_ak,61.0
red_devil_ak,309.0
russian_mission_ak,388.0
shungnak_ak,262.0
shishmaref_ak,563.0
sleetmute_ak,86.0
stony_river_ak,54.0
savoonga_ak,671.0
sheldon_point_ak,1930.0
tununak_ak,327.0
chevak_ak,938.0
stebbins_ak,556.0
selawik_ak,829.0
noatak_ak,514.0
anaktuvuk_pass_ak,324.0
fort_yukon_ak,583.0
lake_minchumina_ak,13.0
nulato_ak,264.0
ruby_ak,166.0
tanana_ak,246.0
homer_ak,5003.0
kasigluk_ak,569.0
aleknagik_ak,219.0
newtok_ak,354.0
nanwalek_ak,
ninilchik_ak,883.0
seldovia_ak,255.0
nikolski_ak,18.0
iliamna_ak,109.0
st_george_island_ak,31535.0
tatitlek_ak,88.0
atka_ak,61.0
brownsville_tx,175023.0
gary_in,80294.0
laredo_tx,236091.0
smyrna_tn,39974.0
red_dog_ak,309.0
chicken_ak,7.0
tok_ak,1258.0
abilene_tx,117063.0
nantucket_ma,7446.0
alpena_mi,10483.0
bishop_ca,3879.0
bemidji_mn,13431.0
brownwood_tx,19288.0
cedar_city_ut,28857.0
chiloquin_or,734.0
sault_ste_marie_mi,129699.0
college_stationbryan_tx,93857.0
hancockhoughton_mi,7708.0
cody_wy,9520.0
corvallis_or,54462.0
dothan_al,65496.0
dickinson_nd,17787.0
del_rio_tx,35591.0
kearney_ne,30787.0
eureka_ca,27191.0
escanaba_mi,12616.0
eastsound_wa,
farmington_nm,45877.0
friday_harbor_wa,22075.0
gaithersburg_md,59933.0
garden_city_ks,26658.0
gallup_nm,21678.0
lake_havasu_city_az,52527.0
iron_mountainkingsfd_mi,7624.0
el_centro_ca,153015.0
williamsport_pa,29381.0
williston_nd,14716.0
inyokern_ca,1099.0
jamestown_ny,31146.0
la_grande_or,156185.0
manteo_nc,1434.0
marathon_fl,8297.0
marthas_vineyard_ma,2114.0
beaufort_nc,9744.0
wolf_point_mt,2621.0
newport_or,9989.0
plattsburgh_ny,19989.0
pierre_sd,13646.0
pellston_mi,822.0
presque_islehoulton_me,9692.0
paso_robles_ca,29793.0
roseburg_or,21181.0
rhinelander_wi,7798.0
rock_springs_wy,23036.0
comanche_tx,4335.0
salisbury_md,30343.0
st_george_ut,186440.0
san_angelo_tx,1327407.0
thief_river_falls_mn,22974.0
ukiah_ca,16075.0
circle_mt,615.0
visalia_ca,124442.0
alpine_ak,
nixon_fork_mine_ak,309.0
santa_monica_ca,945942.0
minneapolisst_paul_mn,382578.0
van_nuys_ca,6497.0
skagway_ak,920.0
napa_ca,76915.0
lazy_bay_ak,
port_williams_ak,
uganik_ak,
central_ak,96.0
stevens_village_ak,813.0
beaver_ak,84.0
allakaket_ak,105.0
huslia_ak,275.0
nunapitchuk_ak,496.0
egegik_ak,109.0
port_moller_ak,
albany_ga,77434.0
blytheville_ar,15620.0
alexandria_mn,11070.0
gulkana_ak,119.0
mccarthy_ak,28.0
may_creek_ak,481.0
needles_ca,4844.0
burlingtonmount_vernon_wa,31743.0
east_farmingdale_ny,14486.0
winston-salem_nc,229617.0
muscle_shoals_al,13146.0
mountain_view_ca,74066.0
punta_gorda_fl,16641.0
wilmington_oh,12520.0
portsmouth_nh,20779.0
montrosedelta_co,19132.0
lakeland_fl,97422.0
latrobe_pa,8338.0
great_bend_ks,15995.0
ocala_fl,56315.0
chicopee_falls_ma,55298.0
bowling_green_ky,58067.0
holland_mi,33051.0
hot_springs_ar,35193.0
rome_ny,33725.0
anderson_sc,26686.0
chino_ca,77983.0
denton_tx,113383.0
nogales_az,20837.0
rocky_mount_nc,57477.0
tuscaloosa_al,90468.0
belleville_il,44478.0
bedford_ma,95072.0
manassas_va,37821.0
clarksville_tn,132929.0
columbus_in,44061.0
pontiac_mi,59515.0
chatham_ak,
gaylord_mi,3645.0
parkersburg_wv,31492.0
sidney_mt,5191.0
boulder_city_nv,15023.0
cape_yakataga_ak,
icy_bay_ak,
hyannis_ma,
killeen_tx,127921.0
victorville_ca,115903.0
alexandria_la,47723.0
altoona_pa,46320.0
beckley_wv,17614.0
clarksburgfairmont_wv,18704.0
johnstown_pa,20978.0
lake_charles_la,71993.0
morgantown_wv,29660.0
tyler_tx,96900.0
victoria_tx,62592.0
point_baker_ak,1930.0
hydaburg_ak,376.0
coffman_cove_ak,938.0
naukiti_ak,
medfra_ak,
mcpherson_ks,13155.0
salinasmonterey_ca,150441.0
teterboro_nj,67.0
thermal_ca,6646.0
bradford_pa,8770.0
dubois_pa,7794.0
franklinoil_city_pa,20268.0
glendive_mt,4935.0
glasgow_mt,3250.0
miles_city_mt,8410.0
havre_mt,9310.0
lewistown_mt,5901.0
mayport_fl,
excursion_inlet_ak,12.0
harrison_ar,12943.0
jonesboro_ar,67263.0
kake_ak,557.0
wainwright_ak,556.0
atqasuk_ak,233.0
barter_island_ak,
beluga_ak,20.0
crooked_creek_ak,481.0
elim_ak,330.0
gambell_ak,681.0
kaltag_ak,190.0
koyuk_ak,583.0
nuiqsut_ak,402.0
toksook_ak,590.0
point_hope_ak,1930.0
point_lay_ak,1930.0
wales_ak,1405.0
kiana_ak,361.0
shaktoolik_ak,251.0
utopia_ak,
nenana_ak,378.0
arctic_village_ak,3201.0
pilot_station_ak,568.0
white_mountain_ak,813.0
bettles_ak,12.0
squaw_lake_ak,
birch_creek_ak,481.0
scammon_bay_ak,474.0
shageluk_ak,83.0
st_michael_ak,31535.0
alakanuk_ak,677.0
skwentna_ak,37.0
tyonek_ak,171.0
granite_point_ak,1930.0
hughes_ak,77.0
colorado_creek_ak,481.0
vieques_pr,1938.0
cortez_co,8482.0
moab_ut,5046.0
peach_springs_az,2033.0
page_az,7247.0
monument_valley_ut,129480.0
oscoda_mi,1826.0
hollister_ca,34928.0
hoquiam_wa,8726.0
mccook_ne,7698.0
ogallala_ne,4737.0
petaluma_ca,57941.0
greenville_sc,58409.0
lawrenceville_ga,28546.0
camarillo_ca,65201.0
carlsbad_ca,105328.0
westhampton_ny,3079.0
telluride_co,2325.0
el_dorado_ar,18884.0
hoonah_ak,920.0
mountain_home_id,14206.0
crestview_fl,20978.0
jackson_ms,173514.0
mount_vernon_il,54167.0
san_marcos_tx,1327407.0
reading_pa,88082.0
gleneden_or,
biloxi_ms,44054.0
concord_nc,79066.0
hattiesburglaurel_ms,45989.0
moser_bay_ak,
seal_bay_ak,
hollis_ak,112.0
cape_romanzof_ak,
eagle_ak,86.0
cape_newenham_ak,
hog_river_ak,54.0
cape_lisburne_ak,
sparrevohn_ak,
tatalina_ak,
tin_city_ak,
manley_hot_springs_ak,131.0
trading_bay_ak,
koyukuk_ak,583.0
donlin_creek_mine_ak,481.0
haines_ak,1713.0
ganes_creek_ak,481.0
arlington_tx,365438.0
nelson_lagoon_ak,78.0
fort_huachuca_az,14364.0
new_iberia_la,343829.0
whale_pass_ak,324.0
huron_sd,12592.0
big_creek_ak,591.0
elfin_cove_ak,938.0
bremerton_wa,37729.0
tenakee_ak,131.0
auburn_in,12731.0
mt_clemens_mi,16314.0
palmer_ak,5937.0
chenega_ak,
south_naknek_ak,544.0
port_lions_ak,194.0
athens_ga,
tacoma_wa,198397.0
murrietatemecula_ca,103466.0
zachar_bay_ak,
kulik_lake_ak,
petrof_point_ak,1930.0
port_bailey_ak,
venetie_ak,166.0
wilmington_de,70851.0
lawtonfort_sill_ok,96867.0
st_joseph_mo,319294.0
edwards_ca,2063.0
rivertonlander_wy,10615.0
teller_ak,229.0
pope_vanoy_ak,
carbondale_il,25902.0
dahl_creek_ak,481.0
rampart_ak,24.0
st_james_mi,10994.0
clinton_ok,9033.0
porterville_ca,54165.0
fort_collinsloveland_co,143986.0
fort_drum_ny,10008.0
dodge_city_ks,27340.0
goshen_in,31719.0
kaneohe_hi,
pedro_bay_ak,42.0
athens_tn,13458.0
west_point_ak,1930.0
manhattanft_riley_ks,52281.0
funter_bay_alaska_ak,291826.0
ardmore_ok,24283.0
takotna_ak,52.0
astoriaseaside_or,9477.0
beloitjanesville_wi,63575.0
kenansville_nc,855.0
uvalde_tx,15751.0
ouzinkie_ak,161.0
larsen_bay_ak,87.0
port_alsworth_ak,159.0
stillwater_ok,45688.0
togiak_ak,817.0
hopkinsville_ky,31577.0
igiugig_ak,50.0
olga_bay_ak,
atwater_ca,28168.0
hays_ks,20510.0
alliance_ne,8491.0
woodlake_ca,7279.0
elizabeth_island_ak,
rome_ga,36303.0
kitoi_bay_ak,
gadsden_al,36856.0
niagara_falls_ny,50193.0
klawock_ak,755.0
diomede_island_ak,115.0
crossville_tn,10795.0
macon_ga,91351.0
pilot_point_ak,1930.0
patuxent_river_md,25191.0
marinette_mi,
shenandoah_ia,5150.0
oxford_ms,18916.0
talladega_al,15676.0
manokotak_ak,442.0
sheridan_wy,17444.0
international_seafoods_ak,
chignik_lagoon_ak,91.0
danville_ky,16218.0
bryce_canyon_ut,198.0
chignik_bay_ak,91.0
chalkyitsik_ak,69.0
chomondely_sound_ak,
thorne_bay_ak,471.0
show_low_az,10660.0
racine_wi,78860.0
jackson_tn,65211.0
kanab_ut,4312.0
midway_island_tt,
clarks_point_ak,1930.0
farewell_ak,
umiat_ak,
muncieandersonnewcastle_in,70085.0
decatur_al,55683.0
findlay_oh,41202.0
kingman_az,28068.0
craig_ak,1201.0
ekwok_ak,115.0
nyac_ak,
pogo_mines_ak,
anniston_al,23106.0
amook_bay_ak,
lakeport_ca,54165.0
metlakatla_ak,1405.0
big_mountain_ak,813.0
marana_az,34961.0
monticello_ut,1972.0
chadron_ne,5851.0
new_stuyahok_ak,510.0
roxboro_nc,8362.0
chemehuevi_valley_ca,193365.0
port_huron_mi,30184.0
nikolai_ak,94.0
camp_douglas_wi,3665.0
angoon_ak,920.0
conroe_tx,56207.0
flat_ak,
tupelo_ms,34546.0
tunica_ms,1035.0
lake_city_fl,821784.0
mansfield_oh,47821.0
borniteruby_creek_ak,481.0
king_cove_ak,938.0
healy_ak,1021.0
koliganek_ak,209.0
nondalton_ak,164.0
bear_fish_camp_ak,
ugashik_ak,12.0
little_squaw_ak,
bartletts_ak,
westfield_ma,41094.0
broomfield_co,55889.0
bloomington_in,80405.0
hickory_nc,40010.0
keyes_point_ak,1930.0
waukegan_il,89078.0
marietta_ga,56579.0
columbia_tn,34681.0
clifton_az,3311.0
safford_az,9566.0
whitmore_az,
ames_ia,58965.0
east_hampton_ny,13603.0
newport_ri,24672.0
rockland_me,7297.0
roche_harbor_wa,22075.0
hilton_head_sc,37099.0
karluk_ak,37.0
twin_hills_ak,
akhiok_ak,71.0
coldfoot_ak,10.0
pelican_ak,88.0
annapolis_md,38394.0
waterfall_ak,
edna_bay_ak,42.0
granite_creek_mine_ak,481.0
norwood_ma,28602.0
chandalar_ak,
chignik_ak,91.0
naknek_ak,544.0
levelock_ak,69.0
kokhanok_ak,170.0
dora_bay_ak,
big_delta_ak,2251.0
westerly_ri,17936.0
waterbury_ct,110366.0
kenmore_wa,20460.0
kasaan_ak,49.0
prospect_creek_ak,481.0
st_augustine_fl,12975.0
smith_cove_ak,938.0
port_protection_ak,
anacortes_wa,15778.0
owensboro_ky,57265.0
michellville_md,
morristown_nj,18411.0
perryville_ak,113.0
minchumina_ak,13.0
long_island_ak,
danger_bay_ak,
hallo_bay_ak,
bullhead_city_az,39540.0
prescott_az,39843.0
circle_ak,104.0
coffee_point_ak,1930.0
westsound_wa,
beverly_ma,39502.0
devils_lake_nd,7141.0
skaneateles_ny,2450.0
grace_harbor_ak,218.0
wildman_creek_ak,481.0
edgartown_ma,
sitkinak_ak,
renton_wa,90927.0
kalaupapa_hi,
port_graham_ak,177.0
alamogordo_nm,30403.0
sequim_wa,6606.0
new_londongroton_ct,129779.0
north_kingstown_ri,
council_ak,
lebanon-hanover_nh,13151.0
carlsbad_nm,26138.0
meyers_chuck_ak,
willow_ak,2102.0
deadmans_bay_ak,
old_harbor_ak,218.0
chignik_lake_ak,91.0
false_pass_ak,324.0
schenectady_ny,66135.0
brooks_lodge_ak,
lopez_island_wa,
fort_glenn_ak,583.0
port_clarence_ak,
plainville_ct,
fishers_island_ny,236.0
lake_placid_ny,2521.0
oak_harbor_wa,22075.0
sugar_land_tx,78817.0
hyder_ak,87.0
bradley_lake_ak,
drift_river_ak,54.0
saltery_cove_ak,938.0
aiken_sc,29524.0
nashua_nh,86494.0
montague_ma,
berlin_nj,7588.0
kamuela_hi,
caldwell_nj,7822.0
oxford_nc,8461.0
harbor_springs_mi,10038.0
chatham_ma,1421.0
hamilton_ny,4239.0
blakely_island_wa,
telida_ak,
danbury_ct,80893.0
keene_nh,23409.0
linden_nj,40499.0
montpelierbarre_vt,9052.0
santa_fe_nm,67947.0
sedona_az,10031.0
hibbing_mn,16361.0
bridgeport_ct,144229.0
ironwood_mi,5387.0
port_townsend_wa,9113.0
naples_fl,19537.0
moses_point_ak,1930.0
kavik_river_ak,54.0
northeast_cape_ak,
coal_bay_ak,
nebraska_ne,7289.0
shelby_nc,20323.0
petersburg_wv,2467.0
saranac_lakelake_placid_ny,5406.0
aurora_co,325078.0
hiawatha_ks,3172.0
wendover_ut,1400.0
rogers_ar,55964.0
waukesha_wi,70718.0
north_adams_ma,13708.0
washington_pa,13663.0
lik_camp_ak,
granite_mountain_ak,813.0
candle_ak,
lawrence_ma,76377.0
rutland_vt,16495.0
sanford_me,9761.0
saratoga_springs_ny,26586.0
port_orchard_wa,19556.0
georgetown_de,6422.0
red_wing_mn,16459.0
culpeper_va,16379.0
plymouth_ma,93810.0
circle_hot_springs_ak,131.0
stuttgart_ar,9326.0
bar_harbor_me,3033.0
marble_canyon_az,10159.0
chisana_ak,
york_pa,43718.0
fulton_ny,15665.0
steamboat_bay_ak,
parker_az,3083.0
johnstown_ny,8743.0
boca_raton_fl,84392.0
taunton_ma,55874.0
livengood_ak,13.0
alabaster_al,30352.0
cinder_river_lodge_ak,54.0
simsbury_ct,5836.0
islesboro_me,
stuart_fl,15593.0
mackinac_island_mi,2452.0
portage_creek_ak,481.0
carlisle_pa,18682.0
provincetown_ma,2642.0
princeton_nj,12307.0
hobart_bay_ak,
pack_creek_ak,481.0
chomley_ak,
tanacross_ak,136.0
fryeburg_me,1631.0
pottstown_pa,22377.0
chelan_wa,31925.0
blue_fox_bay_ak,417.0
lime_village_ak,813.0
bennington_vt,9074.0
mammoth_lakes_ca,1307402.0
marysville_oh,22094.0
winchester_va,26203.0
thomasville_ga,18413.0
rosario_wa,
sebring_fl,10491.0
poughkeepsie_ny,32736.0
akutan_ak,1027.0
kiluda_bay_ak,
ophir_ak,
sandy_ak,
kizhuyak_ak,
red_lake_ak,309.0
northway_ak,71.0
laconia_nh,15951.0
lewistonauburn_me,36592.0
false_island_ak,35.0
provo_ut,112488.0
vernal_ut,9089.0
walterboro_sc,5398.0
livermore_ca,80968.0
rifle_co,9172.0
benton_harborst_joseph_mi,114297.0
greenwood_ms,15205.0
west_chester_pa,33972.0
greenwood_sc,23222.0
hillsboro_or,91611.0
napamute_ak,
peachtree_city_ga,34364.0
port_alexander_ak,
silver_salmon_creek_ak,481.0
cape_simpson_ak,
montauk_point_ny,14014.0
princeton_me,
katmai_lodge_ak,
el_capitan_ak,330.0
hudson_ny,8070.0
painter_creek_ak,481.0
tokeen_ak,
hana_hi,3835.0
jamestown_nd,15427.0
lawrence_ks,87643.0
pumice_ak,
belmarfarmingdale_nj,5794.0
galbraith_lake_ak,
davenport_ia,99685.0
pinehurstsouthern_pines_nc,13124.0
-mile_mine_ak,471.0
red_oak_ia,5742.0
shelton_wa,9834.0
logan_wv,1779.0
edenton_nc,5004.0
clover_bay_ak,
middletown_de,18871.0
oneonta_ny,13901.0
southbridge_ma,16719.0
jensens_strip_ak,
gold_beach_or,2253.0
illinois_creek_ak,481.0
chinitna_bay_ak,
millville_nj,28400.0
delta_junction_ak,2251.0
watertown_ny,27023.0
smithfield_ri,
vrems_ak,
marshfield_ma,4335.0
kayenta_az,5189.0
chena_hot_springs_ak,131.0
seward_ak,2693.0
augustawaterville_me,19136.0
stafford_va,6727.0
greenville_ms,34400.0
west_yellowstone_mt,104170.0
galveston_tx,83560.0
brunswick_me,15175.0
bandon_or,3066.0
ceiba_pr,5633.0
hobbs_nm,34122.0
kuparuk_ak,
alamosa_co,8780.0
longview_tx,80455.0
brookings_sd,22056.0
starkville_ms,23888.0
macomb_il,19288.0
newton_ia,15254.0
ogdensburg_ny,11128.0
ruston_la,21859.0
logan_ut,48174.0
madison_ct,2290.0
aurora_il,197899.0
hattiesburg_ms,45989.0
laramie_wy,59466.0
falmouth_ma,6038.0
valparaiso_in,31730.0
worland_wy,5487.0
gulf_shores_al,9741.0
auburn_al,53380.0
meridian_ms,41148.0
grenada_ms,13092.0
stehekin_wa,
philadelphia_ms,7477.0
branson_mo,10520.0
brunswick_ga,15383.0
mattooncharleston_il,21838.0
florence_sc,37056.0
silver_cityhurley_nm,10315.0
lancaster_pa,59322.0
valdosta_ga,54518.0
las_cruces_nm,97618.0
battle_creek_mi,52347.0
clovis_nm,37775.0
oceana_va,
manisteeludington_mi,8076.0
st_cloud_mn,285068.0
culebra_pr,1590.0
massena_ny,10936.0
texarkana_ar,29919.0
kirksville_mo,17505.0
block_island_ri,
watertown_sd,21482.0
olympia_wa,46478.0
wake_island_tt,
springfield_oh,60608.0
coeur_dalene_id,44137.0
akron_co,1702.0
soldotna_ak,4163.0
glendale_az,226721.0
hermiston_or,16745.0
morganton_nc,16918.0
cinnabar_ak,
vero_beach_fl,15220.0
sturgis_mi,10994.0
lompoc_ca,42434.0
fergus_falls_mn,13138.0
ellensburg_wa,18174.0
deadfall_ak,
andalusiaopp_al,9015.0
hebbronville_tx,4558.0
bay_st_louis_ms,173514.0
ashland_or,20078.0
martinsburg_wv,17227.0
slaton_tx,6121.0
houma_la,33727.0
ephratamoses_lake_wa,20366.0
crosbyton_tx,1741.0
mojave_ca,4238.0
wickenburg_az,6363.0
aberdeen_id,1994.0
dublin_va,2534.0
sandusky_oh,25793.0
morristown_tn,29137.0
post_tx,5376.0
newport_newshampton_va,180719.0
danville_il,33027.0
lancaster_ca,156633.0
craig_co,9464.0
philipsburg_pa,2770.0
mena_ar,5737.0
port_isabel_tx,5006.0
millington_tn,10176.0
santa_ynez_ca,945942.0
akulik_ak,
lawrenceburg_tn,10428.0
snyder_tx,11202.0
lawrenceville_il,4348.0
salome_az,1530.0
winchester_tn,8530.0
blaine_wa,4684.0
knob_noster_mo,2709.0
londoncorbin_ky,7993.0
chicagoromeoville_il,2695598.0
statesville_nc,24532.0
bessemer_al,27456.0
rocksprings_tx,1182.0
sidney_ne,6757.0
omak_wa,4845.0
medford_wi,4326.0
alton_il,27865.0
goldsboro_nc,36437.0
columbus_ne,22111.0
georgetown_tx,47400.0
hamilton_oh,296943.0
blue_bell_pa,8370.0
pittsfield_ma,44737.0
sewanee_tn,2311.0
decatur_wa,
fernandina_beach_fl,11487.0
sparta_tn,4925.0
spencer_ia,11233.0
mesa_az,439041.0
kingston_ny,23893.0
ivotuk_ak,
shoal_cove_ak,938.0
hogatza_ak,
kako_ak,
easton_md,15945.0
fitchburg_ma,40318.0
sheboygan_wi,49288.0
truckee_ca,16180.0
frankfort_ky,25527.0
daviswoodlandwinters_ca,65622.0
talkeetna_ak,876.0
frankfort_mi,1286.0
enid_ok,49379.0
aurora_or,918.0
chernofski_ak,
cadillac_mi,10355.0
bartlesville_ok,35750.0
lathrop_ca,18023.0
paragould_ar,26113.0
bell_island_ak,
iowa_city_ia,67862.0
washington_mo,13982.0
gregory_sd,1295.0
saratoga_wy,1690.0
glens_falls_ny,50193.0
stuart_island_wa,
elkhart_in,50949.0
potsdam_ny,9428.0
millbrook_ny,1452.0
attu_ak,
marco_island_fl,16413.0
yes_bay_ak,
fort_pierce_fl,165521.0
middlebury_vt,6588.0
heber_ut,11362.0
lake_jackson_tx,26849.0
death_valley_ca,193365.0
mesquite_nv,15276.0
clear_ak,
winnemucca_nv,7396.0
driggs_id,1660.0
leesburg_va,42616.0
clarksdale_ms,17962.0
concord_nh,42695.0
homestead_fl,60512.0
indian_springs_nv,5296.0
peru_in,11417.0
peru_il,10295.0
daggett_ca,
san_clemente_island_ca,1307402.0
fort_worth_tx,741206.0
titusville_fl,43761.0
katmai_national_park_ak,185.0
boundary_ak,
cube_cove_ak,938.0
wide_bay_ak,
ekuk_ak,
big_spring_tx,54298.0
akolik_ak,
karta_lake_ak,
telaquana_lake_ak,
taku_lodge_ak,
lancaster_cove_ak,938.0
point_lookout_mo,3962.0
baranof_ak,
middleton_island_ak,
bartlett_cove_ak,938.0
roma_tx,9765.0
cooper_lodge_ak,289.0
duncan_canal_ak,
view_cove_ak,938.0
jefferson_city_mo,43079.0
park_rapids_mn,75781.0
san_bernardino_ca,1307402.0
goodland_ks,4489.0
deep_bay_ak,
kokomologansportperu_in,45468.0
cumberland_md,20859.0
cocoa_beach_fl,17140.0
dalton_ga,33128.0
salmon_id,3112.0
ventura_ca,197899.0
batesville_ar,10248.0
lima_oh,38771.0
fairbanksft_wainwright_ak,31535.0
hawk_inlet_ak,12.0
lancaster_oh,38780.0
sedalia_mo,21387.0
searcy_ar,22858.0
jackson_mi,33534.0
freeport_il,25638.0
flora_il,5070.0
lexington_ne,10230.0
zanesville_oh,25487.0
aleneva_ak,
chandler_az,236123.0
grand_rapids_mn,61476.0
seymour_in,17503.0
donlin_creek_ak,481.0
ivanof_bay_ak,7.0
twin_lakes_ak,976.0
fire_island_ak,
meshik_ak,
petersons_point_ak,1930.0
happy_harbour_ak,593.0
sealing_point_ak,1930.0
kugururok_river_ak,54.0
bible_camp_ak,
yantarni_bay_ak,
new_smyrna_beach_fl,22464.0
little_port_walter_ak,291826.0
lonely_ak,
ponca_city_ok,25387.0
norfolk_ne,24210.0
mccall_id,2991.0
calder_bay_ak,
willmar_mn,19610.0
tetlin_ak,127.0
golden_creek_mine_ak,481.0
haycock_ak,
shisholik_ak,
rodman_bay_ak,
beaver_inlet_ak,84.0
nimiuk_point_ak,1930.0
sivinuvik_ak,
chilkat_lake_ak,
port_frederick_ak,
corner_bay_ak,
mels_ak,
annette_ak,
homeshore_ak,
american_creek_ak,481.0
storm_lake_ia,10600.0
mcdonald_lake_ak,
princetonbluefield_wv,10447.0
stepovak_ak,
fresh_water_bay_ak,
volcano_bay_ak,
puale_bay_ak,
ely_mn,3460.0
nugget_creek_ak,481.0
china_lake_ca,
mankato_mn,39309.0
brooks_lake_ak,
tonopah_nv,2478.0
taos_nm,5716.0
sherman-denison_tx,38521.0
ofu_tt,
tau_tt,
tehachapi_ca,14414.0
hanford_ca,53967.0
minden_nv,3001.0
window_rock_az,9563.0
portland_tn,11480.0
elizabethtown_ky,28531.0
kodiak_island_ak,6130.0
eagle_creek_ak,481.0
kennesaw_ga,29783.0
decatur_island_wa,
shaw_island_wa,
lorainelyria_oh,64097.0
lagrange_ga,29588.0
apalachicola_fl,2231.0
mitchell_sd,15254.0
ballinger_tx,3767.0
kapolei_hi,15186.0
gila_bend_az,15301.0
gastonia_nc,71741.0
greybull_wy,1847.0
carrizo_springs_tx,23728.0
willits_ca,4888.0
mount_holly_nj,6685.0
coleman_tx,4709.0
destin_fl,12305.0
carrollton_ga,24388.0
poulsbo_wa,9200.0
vancouver_wa,161791.0
camp_orkila_eastsound_wa,
shelbyvilletullahoma_tn,20335.0
lakeview_or,2294.0
brookings_or,6336.0
sanford_nc,28094.0
monroe_nc,32797.0
mary_esther_fl,13822.0
ruidoso_nm,8029.0
brooksville_fl,7719.0
fremont_ne,26397.0
madras_or,6046.0
newport_vt,4589.0
belfast_me,6668.0
morrisville_vt,1958.0
akun_ak,
gettysburg_pa,7620.0
quincy_ma,92271.0
whiteville_nc,5394.0
kenosha_wi,99218.0
fort_meade_md,23717.0
kantishna_ak,
onion_bay_ak,
raspberry_strait_ak,
eagle_harbor_ak,218.0
van_horn_tx,6791.0
middleton_wi,17442.0
orangeburg_sc,13964.0
council_bluffs_ia,62230.0
coatesville_pa,13100.0
bowling_green_oh,45193.0
mt_pocono_pa,3170.0
red_fox_bay_ak,417.0
mount_pleasant_mi,26016.0
ocean_city_md,11710.0
de_kalb_il,58364.0
west_dover_vt,
clevland_tn,
wiscasset_me,1097.0
williamsburg_va,14068.0
karluk_lake_ak,37.0
springfield_tn,16440.0
monticello_ny,6726.0
ann_arbor_mi,113934.0
toms_river_nj,88791.0
batavia_ny,15465.0
big_bay_ak,591.0
newcastle_wy,3532.0
deer_harbor_wa,22075.0
whitefield_nh,1142.0
pompano_beach_fl,99845.0
frederick_md,65239.0
waycross_ga,14649.0
muskogee_ok,39223.0
selinsgrove_pa,5654.0
terror_lake_ak,
monte_vista_co,8482.0
reserve_la,9766.0
ashland_oh,20362.0
greensboro_ga,3359.0
pittsburg_ks,20233.0
salida_co,5236.0
madisonville_ky,19591.0
wooster_oh,26119.0
torrance_ca,145438.0
key_largo_fl,77648.0
franklin_nc,3845.0
marion_in,820445.0
hawthorne_ca,84293.0
marshalltown_ia,27552.0
ehpriam_wi,
richland_mo,1863.0
warsaw_in,13559.0
clemson_sc,13905.0
dover-cheswold_de,36047.0
brigham_city_ut,17899.0
dyersburg_tn,17145.0
rangeley_me,
farmington_pa,767.0
lake_of_the_ozarks_mo,2217.0
cape_may_nj,11701.0
ada_ok,16810.0
durant_ok,15856.0
mayfield_ky,10024.0
chillicothe_oh,21901.0
olathe_ks,125872.0
wasilla_ak,7831.0
elizabeth_city_nc,18683.0
troutdale_or,15962.0
glen_canyon_ut,1126.0
kerrville_tx,22347.0
brawley_ca,24953.0
yukon_charley_rivvers_ak,583.0
kankakee_il,27537.0
athens_oh,23832.0
fitiuta_village_tt,
fort_jefferson_fl,165521.0
oroville_ca,15546.0
marfa_tx,1981.0
greeneville_tn,15062.0
winona_mn,27592.0
temple_tx,66102.0
smith_bay_ak,
pulaski_tn,7870.0
brady_tx,5528.0
pine_bluff_ar,49083.0
castroville__tx,2680.0
eagle_pass_tx,26248.0
monroeville_al,6519.0
chincoteague_va,2941.0
la_porte_in,80830.0
bridgewater_va,5644.0
winthrop_wa,394.0
manistique_mi,3097.0
eagle_river_wi,15000.0
millersburg_oh,3025.0
gainesville_ga,33804.0
ticonderoga_ny,3382.0
gold_king__ak,1405.0
berlin_nh,10051.0
imperial_ne,2071.0
haverhill_nh,4697.0
chesapeake_va,222209.0
scottsboro_al,14770.0
bentonville_ar,35301.0
selmer_tn,4396.0
port_vita_ak,
ayakulik_river_ak,54.0
springfield_vt,3979.0
new_jersey_nj,277140.0
east_haddam_ct,
dunkirk_ny,12563.0
stonington_me,
leesburg_fl,20117.0
northampton_ma,28549.0
indian_head_md,3844.0
galion_oh,10512.0
mount_vernon_oh,16990.0
mansfield_ma,7360.0
dolomi_ak,
canandaigua_ny,10545.0
brewster_wa,2370.0
cortland_ny,19204.0
brockport_ny,8366.0
oxford_me,4218.0
grangeville_id,3141.0
hampton_nh,9656.0
mcalester_ok,18383.0
deming_nm,14855.0
gerlach_nv,206.0
effingham_il,12328.0
stevens_point_wi,26717.0
los_alamos_nm,14835.0
burns_or,2806.0
douglas_az,17378.0
marshall_mn,13680.0
anderson_in,56129.0
gardner_ma,20228.0
college_park_md,37634.0
pembina_nd,1302.0
humacao_pr,18629.0
houlton_me,4856.0
cut_bank_mt,2869.0
spartanburg_sc,37013.0
millinocket_me,4466.0
st_johns_az,1445632.0
statesboro_ga,28422.0
hanus_bay_ak,
gull_cove_ak,938.0
eight_fathom_bight_ak,
eveleth_mn,3718.0
bedford_in,13413.0
connersville_in,13481.0
snettisham_ak,
clinton_in,16422.0
tracy_arm_ak,
paradise_ca,26218.0
aztec_nm,6763.0
frederick_ok,3940.0
merritt_island_fl,34743.0
waterville_wa,1138.0
whalers_cove_lodge_ak,938.0
covington_tn,9038.0
poplar_mt,810.0
apple_valley_ca,193365.0
yankton_sd,14454.0
duncan_ok,23431.0
saginaw_bay_ak,
washington_court_house_oh,14192.0
shirleyville_ak,
lebanon_tn,26190.0
middletown_oh,48694.0
rantoul_il,12941.0
laurel_ms,18540.0
georgetown_ky,29098.0
sebastian_fl,21929.0
kelp_bay_ak,
baker_or,9828.0
galesburg_il,32195.0
mountaintop_mine_ak,309.0
annex_creek_ak,481.0
kaktovik_ak,239.0
davidson_creek_ak,481.0
chitina_ak,126.0
polk_inlet_ak,12.0
lost_river_ak,54.0
greens_creek_ak,481.0
bell_creek_ak,481.0
klag_bay_ak,
oliktok_ak,
carroll_ia,10103.0
fire_cove_ak,938.0
cape_sabine_ak,
willow_grove_pa,15726.0
fallon_nv,8606.0
fajardo_pr,28930.0
tifton_ga,16350.0
lufkin_tx,35067.0
cotulla_tx,3603.0
sterlingrockfalls_il,15370.0
lexington_tn,7652.0
rawlins_wy,9259.0
winslow_az,9655.0
portsmouth_oh,20226.0
darlington_sc,7764.0
hurricane_ut,13748.0
smithfield_nc,10966.0
lewisburg_tn,11100.0
paimiut_ak,
teshepkuk_lake_ak,
winnsboro_sc,3550.0
richmond_in,36812.0
johnstone_point_ak,1930.0
rangely_co,2365.0
boyne_falls_mi,3735.0
marionwytheville_va,8211.0
paris_tn,10156.0
bellefontaine_oh,13370.0
meadville_pa,13388.0
gasquet_ca,661.0
marion_oh,36837.0
bardstown_ky,11700.0
katmai_bay_ak,
newton_ks,19132.0
hutchinson_ks,42080.0
salmon_bay_lake_ak,374.0
big_river_ak,591.0
rowan_bay_ak,
selief_bay_ak,
beatty_nv,1010.0
taylor_ak,
lake_hasselborg_ak,
taylor_az,4112.0
distin_lake_ak,
lake_florence_ak,
borrego_springs_ca,44552.0
peard_bay_ak,
girdwood_ak,
oceanside_ca,167086.0
wheeling_wv,28486.0
lemoore_ca,24531.0
jacksonville_ar,28364.0
ashland_wi,8216.0
medical_lake_wa,5060.0
dorris_ca,939.0
florence_or,8466.0
kalakaket_ak,
torrington_wy,6501.0
maxton_nc,2426.0
lik_ak,
parowan_ut,2790.0
cloverdale_ca,8618.0
sturgeon_bay_wi,9144.0
great_barrington_ma,2231.0
denali_ak,1021.0
biddeford_me,21277.0
venice_fl,20748.0
austinalbert_lea_mn,24718.0
wood_river_ak,54.0
kindred_nd,692.0
kachemak_bay_ak,472.0
pagosa_springs_co,416427.0
russellville_ar,27920.0
jerome_id,10890.0
blacksburg_va,42620.0
mount_sterling_ky,9117.0
somerville_nj,12098.0
pikeville_ky,6903.0
pinedale_wy,2030.0
wadesboro_nc,5813.0
las_vegas_nm,97618.0
horseshoe_bay_tx,3418.0
hayward_ca,144186.0
salisbury_nc,33662.0
howell_mi,9489.0
rock_hill_sc,66154.0
burlington_ks,2674.0
walnut_ridge_ar,4890.0
charleston_wv,51400.0
hastings_ne,24907.0
cape_sarichef_ak,
americus_ga,17041.0
taylor_mountain_mine_ak,813.0
afognak_straits_ak,
montague_island_ak,
sandy_river_ak,54.0
big_lake_ak,591.0
port_hobron_ak,
guymon_ok,11442.0
new_philadelphia_oh,47573.0
ravenna_oh,11724.0
pleasant_harbour_ak,
cambridge_md,12326.0
cape_greig_ak,
reedsville_pa,641.0
mccomb_ms,12790.0
ottumwa_ia,25023.0
altus_ok,19813.0
red_river_nd,1403.0
marysville_ca,12072.0
denver_city_tx,4479.0
keokuk_ia,10780.0
searchlight_nv,539.0
artesia_nm,11301.0
broken_bow_ne,3559.0
polson_mt,4488.0
olive_branch_ms,33484.0
natchez_ms,15792.0
fortuna_ca,11926.0
red_bluff_ca,89861.0
mattituck_ny,4219.0
penn_yan_ny,5159.0
moncks_corner_sc,7885.0
mesquite_tx,139824.0
jacksonville_il,19446.0
marshfield_wi,19118.0
sussex_nj,15147.0
blairstown_nj,515.0
the_dalles_or,13620.0
willimantic_ct,17737.0
thomson_ga,6778.0
summerville_sc,43392.0
qugruc_ak,
marshall_mo,13065.0
cave_junction_or,5392.0
dugway_ut,795.0
winters_tx,2562.0
wapakoneta_oh,9867.0
springerville_az,1961.0
ptarmigan_lake_ak,
hartsville_sc,7764.0
prudhoe_bay_ak,2174.0
eagle_nest_nm,290.0
hammond_la,20019.0
vicksburg_ms,23856.0
mush_bay_ak,
okeechobee_fl,5621.0
jean_nv,
notchitoches_la,
troy_al,18033.0
williams_az,5438.0
coalinga_ca,13380.0
rice_lake_wi,8438.0
selma_al,20756.0
sikeston_mo,16318.0
salem_il,7485.0
hondo_tx,8803.0
southampton_ny,3109.0
bay_city_tx,2099451.0
new_roads_la,343829.0
poplar_bluff_mo,17023.0
south_haven_mi,10412.0
wien_lake_ak,
tullahoma_tn,18655.0
plainview_tx,22194.0
union_city_tn,10895.0
ocean_city_nj,88791.0
garibaldi_or,779.0
buena_co,2617.0
osceola_wi,2568.0
warroad_mn,1781.0
murray_ky,17741.0
marshall_tx,23523.0
fort_payne_al,14012.0
west_palm_beach_fl,103190.0
half_moon_bay_ca,11324.0
san_carlos_ca,1307402.0
west_milford_nj,16341.0
dowagiac_mi,5879.0
moroe_wi,
beaver_falls_pa,9438.0
bainbridge_ga,12697.0
albemarle_nc,15903.0
hayward_wi,2318.0
tucumcari_nm,5363.0
norwich_ny,7190.0
karluk_portage_ak,37.0
deland_fl,27031.0
sunriver_or,
moultonboro_nh,
hornell_ny,8563.0
watsonville_ca,51199.0
zephyrhills_fl,13288.0
sulphur_springs_tx,23728.0
bermuda_dunes_ca,7282.0
monroe_ga,13234.0
kiavak_ak,
hopedale_ma,3753.0
butler_pa,13757.0
sylacauga_al,12749.0
carry_inlet_ak,12.0
terrell_tx,15816.0
calexico_ca,38572.0
seneca_falls_ny,50193.0
clear_lake_ca,15250.0
wisconsin_rapids_wi,18367.0
cullman_al,14775.0
pickens_sc,19993.0
martinsville_va,13821.0
lexington_parsons_tn,7652.0
new_richmond_wi,39584.0
gainesville_tx,16002.0
colorado_city_az,4821.0
clinton_ia,26885.0
clinton_nc,8639.0
cape_canaveral_fl,154305.0
three_forks_mt,1869.0
junction_tx,2574.0
fort_sill_ok,4154.0
georgetown_sc,9163.0
grand_prairie_tx,175396.0
moneta_va,
canton_ga,22958.0
toughkenamon_pa,1492.0
west_memphis_ar,26245.0
san_juan_ak,976.0
tarentum_pa,4530.0
lafayette_tn,4474.0
sevierville_tn,14807.0
ocean_shores_wa,5569.0
orange_ma,4018.0
kelso_wa,11925.0
olean_ny,14452.0
frazer_lake_ak,
portales_nm,12280.0
wausau_wi,39106.0
ankeny_ia,45582.0
worthington_mn,12764.0
cheraw_sc,5851.0
los_alamitos_ca,3792621.0
mckinley_park_ak,185.0
casa_grande_az,66795.0
fond_du_lac_wi,43021.0
afognak_lake_ak,
kent_oh,28904.0
rockwood_tn,5562.0
solomon_ak,
dalhart_tx,7930.0
norman_ok,110925.0
kona_village_hi,
unuk_river_ak,54.0
salina_ut,2489.0
auburn_ca,13330.0
columbia_ca,2297.0
lamar_co,7804.0
novato_ca,51904.0
nikiski_ak,
belen_nm,7269.0
naknek-_ak,6080.0
midlothianwaxahachie_tx,29621.0
warren_vt,
quincy_wa,6750.0
hazleton_pa,25340.0
carson_city_nv,55274.0
bethel_me,
danielson_ct,4051.0
lyndonville_vt,1207.0
scott_ky,29098.0
pine_mountain_ga,5802.0
detroit_lakes_mn,285068.0
la_verne_ca,60239.0
miami_ok,13570.0
henderson_ky,28757.0
glasgow_ky,14028.0
ivatuk_ak,
david_river_ak,54.0
wilkesboro_nc,4245.0
borger_tx,13251.0
wiseman_ak,14.0
cannery_bay_ak,
mooseville_airstrip_ak,
blear_lake_ak,
bear_lake_ak,
labouchere_bay_ak,
hope_ak,674.0
independence_ca,669.0
hanapepe_hi,2638.0
challis_id,1081.0
bradley_lake_project_ak,291826.0
aglaq_ak,
phillips_wi,1478.0
williston_fl,2768.0
viekoda_bay_ak,
driftwood_bay_ak,
bartow_fl,17298.0
whitebear_ak,
westminster_md,18590.0
stow_ma,
danville_va,43055.0
hot_springs_va,15711.0
chariot_ak,
mosby_mo,190.0
moose_lake_mn,2751.0
kemmerer_wy,2656.0
big_bear_city_ca,12304.0
mccord_ak,
california_city_ca,14120.0
tulare_ca,124442.0
marvel_creek_mine_ak,481.0
caribou_me,8189.0
seward_peninsula_ak,7850.0
jackpot_nv,1195.0
holikachuk_ak,
hanalei_hi,450.0
bluff_ak,
chapel_hill_nc,57233.0
conway_sc,17103.0
baker_island_ak,15.0
havasupai_az,
john_day_or,2534.0
picayune_ms,10878.0
prineville_or,9253.0
russell_ks,4506.0
livingston_mt,7044.0
two_harbors_ca,
east_tawas_mi,2808.0
chelatna_lake_lodge_ak,291826.0
burleyrupert_id,10345.0
blackfoot_id,11899.0
stevensville_mt,1809.0
shell_lake_ak,
garrison_nd,1453.0
kimball_ne,2496.0
cheboygan_mi,4867.0
malta_mt,1997.0
lemesurier_island_ak,
stroudsburg_pa,9840.0
bend_or,76639.0
springdale_ar,69797.0
new_ulm_mn,21456.0
malina_bay_ak,
bedford_pa,2841.0
laura_lake_ak,
trinidad_co,9096.0
dune_lake_ak,
nakochna_ak,
grants_nm,9182.0
gorham_nh,1600.0
batesville_ms,7463.0
poteau_ok,8520.0
palacios_tx,4718.0
bagdad_az,1876.0
zuni_pueblo_nm,6302.0
mcminnville_tn,13605.0
arley_lake_ak,
vichy_mo,
gwinner_nd,753.0
mariposa_ca,2173.0
powell_wy,6314.0
burlington_wa,8388.0
lafayette_ga,7121.0
mercury_nv,
hood_bay_ak,
indiana_pa,13975.0
coffeyville_ks,10295.0
oceano_ca,7286.0
price_ut,8715.0
lock_haven_pa,9772.0
black_river_falls_wi,35626.0
kogru_river_ak,54.0
marina_ca,19718.0
superior_wi,664.0
west_creek_nj,
redlands_ca,68747.0
umnak_ak,
carrabassett_me,
kennewick_wa,73917.0
madison_sd,6474.0
valkaria_fl,3850.0
minocquawoodruff_wi,966.0
mountain_home_ar,12448.0
cobol_ak,
rexburg_id,25484.0
shawnee_ok,29857.0
independence_ks,9483.0
bunnell_fl,2676.0
port_armstrong_ak,
selby_lake_ak,
fort_scott_ks,8087.0
prosser_wa,5714.0
buffalo_wy,4585.0
oceanic_ak,
lakewood_nj,53805.0
currituck_nc,3759.0
dublin_ga,16201.0
big_port_walter_ak,291826.0
medina_oh,34255.0
baudette_mn,1106.0
malad_city_id,2095.0
leonardtown_md,2930.0
fairfield_ia,9464.0
jasper_al,14352.0
patterson_ca,20413.0
greenville_tx,25557.0
shafter_ca,16988.0
big_rapids_mi,188040.0
sweetwater_tx,10906.0
robbinsville_nj,3041.0
owatonna_mn,25599.0
madera_ca,61416.0
blair_ne,7990.0
tolstoi_bay_ak,
ozona_tx,3225.0
tracy_ca,82922.0
rockingham_nc,15527.0
new_milford_ct,129779.0
somerset_ky,11196.0
overton_nv,
conway_ar,58908.0
russellville_ky,6960.0
gallatin_tn,30278.0
lebanon_mo,14474.0
greenville_mi,8481.0
colusa_ca,5971.0
cosna_river_ak,54.0
colstrip_mt,2214.0
payson_az,15301.0
omolik_lagoon_ak,78.0
chipley_fl,3605.0
osprey_lodge_ak,
ulysses_ks,6161.0
cleburne_tx,29337.0
gothenburg_ne,3574.0
gladwin_mi,2933.0
